{
	"moeda" : "TRXBTC",
	"compra" : 0.00000396,
	"venda" : 0.00000398,
	"taxa" : 0.001
}