{
	"moeda" : "NCASHBTC",
	"compra" : 0.00000456,
	"venda" : 0.00000460,
	"taxa" : 0.001
}