{
	"moeda" : "TRXBTC",
	"compra" : 0.00000389,
	"venda" : 0.00000390,
	"taxa" : 0.001
}