{
	"moeda" : "NCASHBTC",
	"compra" : 0.00000265,
	"venda" : 0.00000266,
	"taxa" : 0.001
}