{
	"moeda" : "NCASHBTC",
	"compra" : 0.00000457,
	"venda" : 0.00000461,
	"taxa" : 0.001
}