{
	"moeda" : "IOSTBTC",
	"compra" : 0.00000240,
	"venda" : 0.00000241,
	"taxa" : 0.001
}