{
	"moeda" : "TRXBTC",
	"compra" : 0.00000393,
	"venda" : 0.00000394,
	"taxa" : 0.001
}