{
	"moeda" : "TRXBTC",
	"compra" : 0.00000379,
	"venda" : 0.00000381,
	"taxa" : 0.001
}