{
	"moeda" : "TRXBTC",
	"compra" : 0.00000412,
	"venda" : 0.00000413,
	"taxa" : 0.001
}