{
	"moeda" : "TRXBTC",
	"compra" : 0.00000411,
	"venda" : 0.00000412
}