{
	"moeda" : "NCASHBTC",
	"compra" : 0.00000459,
	"venda" : 0.00000461,
	"taxa" : 0.001
}