{
	"moeda" : "IOSTBTC",
	"compra" : 0.00000238,
	"venda" : 0.00000239,
	"taxa" : 0.001
}