{
	"moeda" : "NCASHBTC",
	"compra" : 0.00000274,
	"venda" : 0.00000275,
	"taxa" : 0.001
}