{
	"moeda" : "TRXBTC",
	"compra" : 0.00000399,
	"venda" : 0.00000400,
	"taxa" : 0.001
}