{
	"moeda" : "TRXBTC",
	"compra" : 0.00000409,
	"venda" : 0.00000410
}